{
	"info": {
		"_postman_id": "81c57832-eaaa-419b-8d90-513c94b5a500",
		"name": "Admin",
		"schema": "https://schema.getpostman.com/json/collection/v2.0.0/collection.json",
		"_exporter_id": "30792687"
	},
	"item": [
		{
			"name": "auth",
			"item": [
				{
					"name": "login",
					"event": [
						{
							"listen": "prerequest",
							"script": {
								"exec": [
									""
								],
								"type": "text/javascript",
								"packages": {},
								"requests": {}
							}
						},
						{
							"listen": "test",
							"script": {
								"exec": [
									""
								],
								"type": "text/javascript",
								"packages": {},
								"requests": {}
							}
						}
					],
					"request": {
						"method": "POST",
						"header": [],
						"body": {
							"mode": "raw",
							"raw": "{\r\n    \"username\": \"emilys\",\r\n    \"password\": \"emilyspass\"\r\n}",
							"options": {
								"raw": {
									"language": "json"
								}
							}
						},
						"url": "https://dummyjson.com/auth/login"
					},
					"response": []
				},
				{
					"name": "user details",
					"request": {
						"auth": {
							"type": "bearer",
							"bearer": {
								"token": "{{jwt}}"
							}
						},
						"method": "GET",
						"header": [],
						"url": "https://dummyjson.com/auth/me"
					},
					"response": []
				}
			]
		}
	],
	"variable": [
		{
			"key": "height",
			"value": "",
			"type": "default"
		},
		{
			"key": "weight",
			"value": "",
			"type": "default"
		}
	]
}